4657.89;20.376768
4658.51;9.818057
4659.12;15.713844
4659.74;17.436657
4660.35;18.262053
4660.97;19.634438
4661.58;14.934893
4662.19;12.322252
4662.81;17.979485
4663.42;18.33263
4664.04;13.688366
4664.65;14.076795
4665.27;8.716503
4665.88;16.293655
4666.49;17.076134
4667.11;10.312979
4667.72;20.563419
4668.34;22.441408
4668.95;11.110595
4669.57;9.024826
4670.18;18.046427
4670.8;18.907236
4671.41;22.099417
4672.02;17.632109
4672.64;13.506093
4673.25;13.434875
4673.87;8.18973
4674.48;8.601668
4675.1;14.232494
4675.71;17.960854
4676.33;16.348177
4676.94;13.980397
4677.55;17.071569
4678.17;17.79673
4678.78;7.81724
4679.4;3.508648
4680.01;16.907459
4680.63;15.66776
4681.24;17.520666
4681.86;20.794781
4682.47;21.585875
4683.08;22.936674
4683.7;17.136354
4684.31;14.668885
4684.93;15.35452
4685.54;14.423624
4686.16;14.227745
4686.77;19.410007
4687.39;19.927622
4688;17.906967
4688.61;18.864292
4689.23;21.060926
4689.84;19.262056
4690.46;16.808466
4691.07;14.273233
4691.69;12.324503
4692.3;12.128635
4692.91;13.929901
4693.53;16.134785
4694.14;13.473087
4694.76;12.156187
4695.37;14.713288
4695.99;17.168818
4696.6;19.23875
4697.22;15.282787
4697.83;14.860885
4698.44;17.577456
4699.06;15.324818
4699.67;9.431752
4700.29;7.157574
4700.9;17.195538
4701.52;12.782845
4702.13;7.835388
4702.75;30.365105
4703.36;28.181339
4703.97;19.699408
4704.59;24.951094
4705.2;22.605566
4705.82;8.434562
4706.43;14.629198
4707.05;13.162042
4707.66;17.802437
4708.28;23.079453
4708.89;19.928215
4709.5;14.734844
4710.12;9.794557
4710.73;16.333651
4711.35;23.058136
4711.96;21.689543
4712.58;18.959593
4713.19;18.260376
4713.81;9.566884
4714.42;15.401064
4715.03;20.572573
4715.65;19.561495
4716.26;20.552107
4716.88;12.438049
4717.49;15.243563
4718.11;17.975391
4718.72;21.787458
4719.33;24.169146
4719.95;16.850784
4720.56;18.698954
4721.18;26.60087
4721.79;25.765732
4722.41;18.236708
4723.02;19.543289
4723.64;28.953434
4724.25;22.420063
4724.86;14.670622
4725.48;15.326645
4726.09;14.412438
4726.71;10.018691
4727.32;14.732845
4727.94;15.679473
4728.55;13.275941
4729.17;20.933952
4729.78;24.03923
4730.39;14.904171
4731.01;20.915897
4731.62;14.72311
4732.24;21.020689
4732.85;28.226988
4733.47;23.523829
4734.08;17.194208
4734.7;9.868311
4735.31;18.723297
4735.92;23.629311
4736.54;17.192348
4737.15;14.917118
4737.77;21.226822
4738.38;19.387981
4739;17.602392
4739.61;15.101778
4740.23;17.119528
4740.84;19.503069
4741.45;14.830759
4742.07;18.637247
4742.68;28.91888
4743.3;15.127347
4743.91;6.670623
4744.53;14.835325
4745.14;14.30093
4745.75;21.758968
4746.37;16.287586
4746.98;13.757229
4747.6;15.19919
4748.21;21.327047
4748.83;30.953842
4749.44;21.767853
4750.06;21.345491
4750.67;15.382204
4751.28;16.448315
4751.9;23.148666
4752.51;17.586752
4753.13;17.813435
4753.74;19.524864
4754.36;21.291977
4754.97;22.427578
4755.59;23.453848
4756.2;22.446918
4756.81;17.974615
4757.43;21.981998
4758.04;16.597179
4758.66;19.411491
4759.27;21.804043
4759.89;14.260411
4760.5;22.896564
4761.12;17.534389
4761.73;15.598838
4762.34;18.769705
4762.96;20.35231
4763.57;16.402969
4764.19;8.985929
4764.8;13.857331
4765.42;17.75473
4766.03;21.777058
4766.65;13.353497
4767.26;5.158525
4767.87;18.373009
4768.49;15.42403
4769.1;17.979416
4769.72;22.44569
4770.33;19.858507
4770.95;21.098782
4771.56;29.240759
4772.18;23.65852
4772.79;18.578585
4773.4;23.322943
4774.02;19.510498
4774.63;16.749533
4775.25;24.087141
4775.86;17.136047
4776.48;15.686285
4777.09;16.836853
4777.7;16.853294
4778.32;15.016397
4778.93;17.817648
4779.55;27.195621
4780.16;25.585346
4780.78;22.752649
4781.39;20.282852
4782.01;21.22541
4782.62;20.72826
4783.23;15.938801
4783.85;17.283104
4784.46;9.503045
4785.08;16.80621
4785.69;30.222504
4786.31;25.342672
4786.92;13.366506
4787.54;18.98472
4788.15;19.654446
4788.76;15.698137
4789.38;15.970251
4789.99;16.670982
4790.61;18.368912
4791.22;22.898693
4791.84;17.269325
4792.45;19.664915
4793.07;16.20306
4793.68;15.326996
4794.29;17.587252
4794.91;15.129908
4795.52;21.720095
4796.14;29.309605
4796.75;21.109077
4797.37;19.355774
4797.98;18.48979
4798.6;16.87425
4799.21;25.821217
4799.82;12.132463
4800.44;14.97247
4801.05;21.254375
4801.67;19.548805
4802.28;20.408188
4802.9;26.615511
4803.51;27.068293
4804.12;25.675022
4804.74;28.0466
4805.35;16.398247
4805.97;10.546794
4806.58;25.397785
4807.2;33.100109
4807.81;29.858238
4808.43;23.266424
4809.04;21.377682
4809.65;19.359934
4810.27;18.842016
4810.88;22.017733
4811.5;19.082785
4812.11;19.966423
4812.73;25.177975
4813.34;19.894218
4813.96;17.453556
4814.57;19.832874
4815.18;11.929871
4815.8;17.591991
4816.41;15.050353
4817.03;15.179375
4817.64;14.569683
4818.26;16.378841
4818.87;25.968384
4819.49;24.176083
4820.1;14.44317
4820.71;11.911926
4821.33;15.688498
4821.94;24.878347
4822.56;31.004583
4823.17;26.870434
4823.79;28.074566
4824.4;22.771214
4825.02;13.744388
4825.63;20.52438
4826.24;22.999702
4826.86;13.26299
4827.47;22.993019
4828.09;17.375242
4828.7;23.967463
4829.32;25.962292
4829.93;19.308044
4830.54;16.592875
4831.16;15.921162
4831.77;14.222222
4832.39;10.856497
4833;8.564344
4833.62;11.563381
4834.23;21.396128
4834.85;26.44458
4835.46;17.850365
4836.07;17.289043
4836.69;22.398899
4837.3;20.808054
4837.92;19.523895
4838.53;22.673872
4839.15;20.215752
4839.76;13.190142
4840.38;14.745479
4840.99;19.604139
4841.6;17.812689
4842.22;14.423655
4842.83;20.325048
4843.45;26.834867
4844.06;17.43586
4844.68;23.932302
4845.29;28.152412
4845.91;19.985802
4846.52;19.158962
4847.13;25.749525
4847.75;17.149059
4848.36;20.030586
4848.98;29.158968
4849.59;25.356688
4850.21;12.97031
4850.82;9.573701
4851.44;17.726299
4852.05;24.740807
4852.66;22.843512
4853.28;16.29393
4853.89;19.943521
4854.51;20.487255
4855.12;13.225522
4855.74;21.991453
4856.35;22.653181
4856.96;27.774227
4857.58;21.911415
4858.19;17.723093
4858.81;24.229614
4859.42;22.468189
4860.04;14.711919
4860.65;7.937084
4861.27;13.374063
4861.88;18.707659
4862.49;17.273218
4863.11;19.094549
4863.72;23.983992
4864.34;17.2558
4864.95;13.522538
4865.57;21.10651
4866.18;21.786736
4866.8;12.950364
4867.41;12.389454
4868.02;15.991312
4868.64;13.202941
4869.25;16.192991
4869.87;17.677792
4870.48;12.951456
4871.1;13.133677
4871.71;21.216305
4872.33;24.350765
4872.94;30.110449
4873.55;22.931984
4874.17;11.796431
4874.78;12.38349
4875.4;20.046478
4876.01;24.960651
4876.63;22.198591
4877.24;17.583939
4877.86;18.250368
4878.47;20.385201
4879.08;21.677069
4879.7;21.684052
4880.31;12.942427
4880.93;22.574934
4881.54;20.846415
4882.16;14.991022
4882.77;15.417474
4883.38;14.505949
4884;19.97718
4884.61;16.059191
4885.23;21.779184
4885.84;21.386572
4886.46;16.240511
4887.07;20.173908
4887.69;22.962383
4888.3;19.437073
4888.91;17.78533
4889.53;13.456227
4890.14;10.28046
4890.76;13.567023
4891.37;17.040182
4891.99;16.795546
4892.6;24.135448
4893.22;22.302143
4893.83;22.942482
4894.44;21.182827
4895.06;16.893873
4895.67;25.040638
4896.29;18.663845
4896.9;20.297747
4897.52;18.068089
4898.13;17.4149
4898.75;21.273417
4899.36;20.073975
4899.97;22.857126
4900.59;22.590673
4901.2;20.506384
4901.82;23.677404
4902.43;23.004395
4903.05;19.74214
4903.66;27.010992
4904.28;22.251234
4904.89;27.270596
4905.5;26.484127
4906.12;25.322239
4906.73;26.97949
4907.35;18.425528
4907.96;15.990359
4908.58;17.894951
4909.19;28.046158
4909.8;28.377312
4910.42;20.179464
4911.03;21.733332
4911.65;26.903019
4912.26;27.831598
4912.88;29.645008
4913.49;28.499989
4914.11;21.927296
4914.72;19.753531
4915.33;25.0247
4915.95;20.592331
4916.56;21.463749
4917.18;30.38295
4917.79;31.115351
4918.41;23.127724
4919.02;22.322527
4919.64;22.037033
4920.25;4.229826
4920.86;16.672585
4921.48;30.04051
4922.09;28.478832
4922.71;32.193604
4923.32;30.059404
4923.94;28.610762
4924.55;23.697821
4925.17;17.902885
4925.78;20.754496
4926.39;27.687105
4927.01;23.760855
4927.62;15.634141
4928.24;16.43008
4928.85;20.448151
4929.47;26.284445
4930.08;33.654556
4930.7;29.783363
4931.31;11.779207
4931.92;18.248356
4932.54;25.603264
4933.15;26.986145
4933.77;32.067276
4934.38;35.933487
4935;30.458408
4935.61;23.050201
4936.22;15.664258
4936.84;21.979034
4937.45;27.182859
4938.07;22.184828
4938.68;27.016104
4939.3;19.928007
4939.91;22.998764
4940.53;31.446278
4941.14;29.510483
4941.75;22.039206
4942.37;24.134853
4942.98;33.954647
4943.6;43.837391
4944.21;37.658794
4944.83;29.052919
4945.44;34.063438
4946.06;43.440823
4946.67;43.864853
4947.28;21.852993
4947.9;11.016613
4948.51;21.502693
4949.13;34.937061
4949.74;36.512611
4950.36;27.584562
4950.97;27.662182
4951.59;26.11805
4952.2;29.34713
4952.81;31.69454
4953.43;26.193377
4954.04;32.91951
4954.66;25.037395
4955.27;18.756605
4955.89;20.065666
4956.5;23.074677
4957.12;30.538235
4957.73;38.442749
4958.34;22.181786
4958.96;28.710693
4959.57;37.076462
4960.19;27.127056
4960.8;19.513126
4961.42;24.28377
4962.03;39.893963
4962.64;39.256966
4963.26;35.137566
4963.87;33.381618
4964.49;25.992912
4965.1;22.978157
4965.72;26.414379
4966.33;32.510307
4966.95;26.499138
4967.56;26.523464
4968.17;38.332901
4968.79;27.593491
4969.4;18.188576
4970.02;22.86013
4970.63;30.737221
4971.25;31.190029
4971.86;27.663269
4972.48;29.729179
4973.09;36.616539
4973.7;32.980022
4974.32;32.682751
4974.93;36.240849
4975.55;38.068455
4976.16;45.11454
4976.78;33.760201
4977.39;30.148867
4978.01;33.236225
4978.62;32.278305
4979.23;26.868412
4979.85;17.51112
4980.46;14.221573
4981.08;25.724773
4981.69;25.30407
4982.31;28.30736
4982.92;46.395844
4983.54;33.942005
4984.15;30.589607
4984.76;24.349558
4985.38;24.853506
4985.99;33.961391
4986.61;32.300308
4987.22;24.370262
4987.84;27.2146
4988.45;36.037193
4989.06;33.475418
4989.68;32.290398
4990.29;44.279873
4990.91;38.031139
4991.52;34.940144
4992.14;34.265327
4992.75;31.85607
4993.37;31.266373
4993.98;31.917942
4994.59;28.18243
4995.21;30.666609
4995.82;32.307293
4996.44;35.073715
4997.05;35.761898
4997.67;25.017859
4998.28;23.295645
4998.9;27.442104
4999.51;30.350344
5000.12;36.050053
5000.74;40.644466
5001.35;33.255337
5001.97;32.261204
5002.58;28.145765
5003.2;22.659365
5003.81;24.758339
5004.43;31.500648
5005.04;33.715668
5005.65;37.145985
5006.27;32.864738
5006.88;30.313532
5007.5;33.401684
5008.11;31.860882
5008.73;29.321119
5009.34;27.026972
5009.96;19.479515
5010.57;16.761379
5011.18;24.753662
5011.8;29.019993
5012.41;23.125629
5013.03;22.987583
5013.64;34.887894
5014.26;42.439449
5014.87;33.240108
5015.48;24.746334
5016.1;36.766682
5016.71;40.170147
5017.33;40.950138
5017.94;43.20723
5018.56;34.48045
5019.17;27.832819
5019.79;23.070356
5020.4;21.823324
5021.01;26.938463
5021.63;33.918579
5022.24;36.905533
5022.86;41.095013
5023.47;35.476902
5024.09;23.884382
5024.7;24.964487
5025.32;37.825043
5025.93;35.952732
5026.54;27.880234
5027.16;35.35379
5027.77;43.52652
5028.39;40.143608
5029;36.949322
5029.62;32.028076
5030.23;27.92585
5030.85;27.055582
5031.46;35.558212
5032.07;46.507961
5032.69;41.692474
5033.3;34.056126
5033.92;22.842155
5034.53;22.846365
5035.15;32.592567
5035.76;32.950096
5036.38;31.815859
5036.99;33.044693
5037.6;23.246843
5038.22;16.103992
5038.83;26.727749
5039.45;32.499603
5040.06;20.048725
5040.68;23.115009
5041.29;24.238262
5041.9;20.52869
5042.52;32.061855
5043.13;25.251102
5043.75;26.349211
5044.36;29.959522
5044.98;23.988192
5045.59;19.335354
5046.21;28.959171
5046.82;34.637577
5047.43;34.853691
5048.05;35.814846
5048.66;35.146645
5049.28;30.994896
5049.89;33.863464
5050.51;23.552303
5051.12;24.215483
5051.74;40.478848
5052.35;45.833683
5052.96;38.294598
5053.58;32.370171
5054.19;33.366684
5054.81;35.213104
5055.42;35.18927
5056.04;38.669857
5056.65;43.965508
5057.27;45.935661
5057.88;49.213955
5058.49;48.171482
5059.11;35.83123
5059.72;30.948397
5060.34;32.283497
5060.95;29.389301
5061.57;27.789082
5062.18;33.357235
5062.8;34.766399
5063.41;38.562187
5064.02;45.064625
5064.64;41.156986
5065.25;30.061596
5065.87;33.37405
5066.48;42.062344
5067.1;40.45118
5067.71;41.121155
5068.32;40.954815
5068.94;27.045311
5069.55;28.173405
5070.17;28.576406
5070.78;32.451332
5071.4;37.005112
5072.01;31.690693
5072.63;28.221706
5073.24;29.119799
5073.85;38.651924
5074.47;41.315346
5075.08;32.609715
5075.7;34.866337
5076.31;32.703068
5076.93;38.311356
5077.54;42.707401
5078.16;35.992046
5078.77;37.124649
5079.38;51.848785
5080;42.833382
5080.61;28.345125
5081.23;29.262177
5081.84;30.848219
5082.46;37.665386
5083.07;38.651497
5083.69;32.929569
5084.3;33.752266
5084.91;40.991394
5085.53;33.363052
5086.14;40.255333
5086.76;34.895008
5087.37;34.013359
5087.99;56.026531
5088.6;34.141247
5089.22;29.303888
5089.83;34.556942
5090.44;34.209534
5091.06;38.481171
5091.67;45.324356
5092.29;46.805523
5092.9;52.164314
5093.52;48.973171
5094.13;34.339638
5094.74;37.29147
5095.36;39.117481
5095.97;43.730129
5096.59;44.423462
5097.2;36.313709
5097.82;34.898907
5098.43;35.682594
5099.05;36.702244
5099.66;39.143272
5100.27;38.21151
5100.89;30.360214
5101.5;32.801094
5102.12;33.675766
5102.73;46.395874
5103.35;57.425835
5103.96;31.519222
5104.58;36.284557
5105.19;37.965965
5105.8;40.174698
5106.42;52.452579
5107.03;41.745033
5107.65;27.53764
5108.26;34.528362
5108.88;42.313576
5109.49;33.606041
5110.11;26.576057
5110.72;23.662355
5111.33;36.080513
5111.95;44.284435
5112.56;37.166817
5113.18;36.660248
5113.79;40.422295
5114.41;39.333683
5115.02;31.527458
5115.64;32.819172
5116.25;50.381287
5116.86;40.280807
5117.48;29.719604
5118.09;32.714493
5118.71;37.492096
5119.32;39.915924
5119.94;40.119564
5120.55;43.785248
5121.17;38.84742
5121.78;31.688488
5122.39;47.15741
5123.01;39.098804
5123.62;42.499111
5124.24;54.155254
5124.85;49.923256
5125.47;51.776451
5126.08;40.263203
5126.69;34.000813
5127.31;39.860382
5127.92;40.772228
5128.54;33.528282
5129.15;38.037708
5129.77;50.557125
5130.38;52.396885
5131;40.893837
5131.61;39.309265
5132.22;48.750706
5132.84;50.63369
5133.45;40.418808
5134.07;33.05727
5134.68;36.531982
5135.3;45.442825
5135.91;46.898151
5136.53;38.047417
5137.14;28.54826
5137.75;24.768568
5138.37;32.58358
5138.98;44.01403
5139.6;49.368114
5140.21;47.792706
5140.83;38.970726
5141.44;34.286015
5142.06;35.648636
5142.67;35.834244
5143.28;31.846729
5143.9;29.235336
5144.51;40.102943
5145.13;45.327961
5145.74;29.646408
5146.36;25.069242
5146.97;31.346941
5147.59;34.356796
5148.2;43.249954
5148.81;60.048901
5149.43;42.902359
5150.04;44.330437
5150.66;47.1134
5151.27;38.352348
5151.89;50.244198
5152.5;47.772388
5153.11;48.03302
5153.73;50.367294
5154.34;44.623501
5154.96;44.406143
5155.57;48.311901
5156.19;47.551857
5156.8;44.826717
5157.42;47.023026
5158.03;46.804253
5158.64;36.410782
5159.26;35.470512
5159.87;40.407951
5160.49;31.332886
5161.1;34.75806
5161.72;38.371403
5162.33;40.494587
5162.95;44.042988
5163.56;41.385113
5164.17;40.652691
5164.79;37.368038
5165.4;33.588703
5166.02;37.108932
5166.63;44.12685
5167.25;43.382774
5167.86;36.847683
5168.48;34.224464
5169.09;37.831085
5169.7;36.924057
5170.32;35.347046
5170.93;39.202156
5171.55;41.588039
5172.16;34.069798
5172.78;41.657162
5173.39;42.382095
5174.01;35.60957
5174.62;38.023804
5175.23;32.019787
5175.85;33.270344
5176.46;30.70204
5177.08;25.69438
5177.69;38.668839
5178.31;41.398369
5178.92;38.517044
5179.53;33.908951
5180.15;29.017448
5180.76;33.499527
5181.38;31.63817
5181.99;37.213615
5182.61;49.163124
5183.22;47.324482
5183.84;44.961582
5184.45;41.164192
5185.06;36.779762
5185.68;34.912437
5186.29;34.049839
5186.91;34.113075
5187.52;33.726353
5188.14;39.548676
5188.75;50.860497
5189.37;43.916759
5189.98;40.692703
5190.59;43.453472
5191.21;38.098438
5191.82;28.810059
5192.44;38.944473
5193.05;45.838799
5193.67;39.577873
5194.28;38.733276
5194.9;47.377567
5195.51;51.955139
5196.12;54.636932
5196.74;55.456825
5197.35;43.942726
5197.97;39.156437
5198.58;38.123043
5199.2;37.16235
5199.81;37.231544
5200.43;31.201332
5201.04;37.057575
5201.65;49.97665
5202.27;51.53138
5202.88;40.278965
5203.5;33.626972
5204.11;32.826328
5204.73;29.826941
5205.34;24.946424
5205.95;30.380245
5206.57;30.418587
5207.18;26.422131
5207.8;32.580952
5208.41;45.277187
5209.03;39.310955
5209.64;37.141464
5210.26;48.505093
5210.87;50.365559
5211.48;45.449841
5212.1;40.435276
5212.71;42.963776
5213.33;51.006535
5213.94;50.622223
5214.56;50.032475
5215.17;51.609539
5215.79;49.249084
5216.4;41.001858
5217.01;39.461956
5217.63;42.94944
5218.24;43.531399
5218.86;41.837757
5219.47;48.297874
5220.09;48.854004
5220.7;43.227776
5221.32;43.265747
5221.93;49.262623
5222.54;40.899796
5223.16;31.350855
5223.77;35.347042
5224.39;44.303879
5225;44.613335
5225.62;41.423489
5226.23;41.370308
5226.85;42.997414
5227.46;41.480919
5228.07;40.919491
5228.69;38.294804
5229.3;35.096161
5229.92;40.165119
5230.53;40.025307
5231.15;36.825741
5231.76;37.408649
5232.37;40.684273
5232.99;42.065472
5233.6;45.46175
5234.22;47.932106
5234.83;40.502113
5235.45;26.353714
5236.06;36.257347
5236.68;45.488438
5237.29;35.790123
5237.9;40.186737
5238.52;37.446804
5239.13;30.912819
5239.75;32.832607
5240.36;41.49157
5240.98;49.002087
5241.59;45.4119
5242.21;46.718903
5242.82;63.44088
5243.43;58.228241
5244.05;46.337749
5244.66;40.815907
5245.28;40.014034
5245.89;42.33461
5246.51;43.94698
5247.12;46.271263
5247.74;49.106014
5248.35;47.743187
5248.96;44.241871
5249.58;45.779324
5250.19;48.964104
5250.81;42.595192
5251.42;30.265535
5252.04;27.58798
5252.65;33.053364
5253.27;34.919651
5253.88;36.805084
5254.49;40.323662
5255.11;39.92775
5255.72;35.999016
5256.34;38.404991
5256.95;32.264309
5257.57;26.304302
5258.18;31.534336
5258.79;39.744385
5259.41;48.76918
5260.02;47.03299
5260.64;38.404186
5261.25;40.244522
5261.87;42.736103
5262.48;36.647724
5263.1;35.803043
5263.71;52.488823
5264.32;56.424953
5264.94;46.403988
5265.55;46.965363
5266.17;60.08622
5266.78;42.651173
5267.4;31.208735
5268.01;45.5728
5268.63;60.999874
5269.24;46.282482
5269.85;32.561275
5270.47;38.307522
5271.08;51.392467
5271.7;49.657196
5272.31;38.072121
5272.93;34.988564
5273.54;45.172096
5274.16;51.731388
5274.77;41.998859
5275.38;37.602905
5276;43.335999
5276.61;42.542877
5277.23;49.510239
5277.84;50.184711
5278.46;44.703751
5279.07;48.419277
5279.69;51.331547
5280.3;52.804569
5280.91;50.896843
5281.53;46.055672
5282.14;49.538147
5282.76;50.179935
5283.37;44.142185
5283.99;39.990131
5284.6;42.090763
5285.21;34.306427
5285.83;32.387978
5286.44;47.862762
5287.06;49.964031
5287.67;43.637962
5288.29;45.429226
5288.9;50.911617
5289.52;39.891628
5290.13;47.390785
5290.74;49.202515
5291.36;32.705112
5291.97;39.255463
5292.59;38.218102
5293.2;36.124146
5293.82;44.564869
5294.43;47.460575
5295.05;44.240562
5295.66;46.52179
5296.27;55.794998
5296.89;58.18576
5297.5;49.376122
5298.12;47.463299
5298.73;51.766129
5299.35;44.689808
5299.96;47.255676
5300.58;46.774426
5301.19;43.675354
5301.8;52.798042
5302.42;43.799606
5303.03;35.407555
5303.65;42.55352
5304.26;51.876602
5304.88;54.611217
5305.49;46.894295
5306.11;41.352661
5306.72;49.230347
5307.33;47.525562
5307.95;41.124588
5308.56;35.873795
5309.18;31.679476
5309.79;39.256748
5310.41;46.602421
5311.02;43.747017
5311.63;37.183086
5312.25;41.193497
5312.86;44.779591
5313.48;45.636803
5314.09;47.050629
5314.71;32.500729
5315.32;27.947706
5315.94;35.938828
5316.55;37.419769
5317.16;45.776817
5317.78;52.019928
5318.39;48.806343
5319.01;41.744862
5319.62;39.220978
5320.24;41.927483
5320.85;47.007332
5321.47;50.105026
5322.08;45.883224
5322.69;37.723011
5323.31;37.18259
5323.92;47.889275
5324.54;48.728176
5325.15;40.093884
5325.77;39.537746
5326.38;50.219704
5327;36.704018
5327.61;31.769373
5328.22;43.134422
5328.84;41.066174
5329.45;35.135746
5330.07;31.912247
5330.68;33.672127
5331.3;40.516399
5331.91;47.974182
5332.53;49.987671
5333.14;49.154049
5333.75;53.011036
5334.37;56.765648
5334.98;52.935432
5335.6;45.445969
5336.21;44.229244
5336.83;41.845039
5337.44;41.822952
5338.05;43.966484
5338.67;40.835228
5339.28;39.35643
5339.9;45.832897
5340.51;51.910515
5341.13;44.592472
5341.74;43.376629
5342.36;44.75658
5342.97;45.276455
5343.58;55.261803
5344.2;60.008274
5344.81;46.768078
5345.43;30.967354
5346.04;42.478085
5346.66;45.345127
5347.27;46.829578
5347.89;56.995705
5348.5;47.716057
5349.11;47.184677
5349.73;48.093807
5350.34;37.209282
5350.96;42.068031
5351.57;54.129539
5352.19;53.62817
5352.8;38.059368
5353.42;32.046204
5354.03;39.568016
5354.64;42.98188
5355.26;33.507748
5355.87;36.8913
5356.49;40.682144
5357.1;38.843704
5357.72;40.498035
5358.33;43.2897
5358.95;40.776028
5359.56;36.944118
5360.17;40.26115
5360.79;41.492897
5361.4;35.333565
5362.02;32.593563
5362.63;44.831543
5363.25;46.353714
5363.86;41.969681
5364.47;44.24477
5365.09;49.222553
5365.7;49.31628
5366.32;45.727879
5366.93;44.000854
5367.55;48.201351
5368.16;61.861694
5368.78;68.701569
5369.39;58.571907
5370;49.528313
5370.62;39.729107
5371.23;31.823883
5371.85;32.510147
5372.46;37.398994
5373.08;32.41748
5373.69;27.649637
5374.31;39.195114
5374.92;45.30378
5375.53;46.875038
5376.15;47.949802
5376.76;45.147678
5377.38;39.942406
5377.99;43.158676
5378.61;52.344112
5379.22;50.310295
5379.84;41.316769
5380.45;38.579933
5381.06;40.984543
5381.68;33.636734
5382.29;39.271351
5382.91;53.332184
5383.52;57.111641
5384.14;52.668983
5384.75;50.524845
5385.37;47.454323
5385.98;40.873074
5386.59;49.187195
5387.21;55.197823
5387.82;54.223587
5388.44;59.624966
5389.05;64.614357
5389.67;58.165783
5390.28;42.826828
5390.89;36.31039
5391.51;49.521137
5392.12;60.479336
5392.74;52.893803
5393.35;43.398277
5393.97;47.803425
5394.58;52.665756
5395.2;45.405022
5395.81;42.341618
5396.42;33.96822
5397.04;36.608364
5397.65;59.729942
5398.27;50.685585
5398.88;40.260941
5399.5;45.394753
5400.11;44.807045
5400.73;48.634396
5401.34;50.673172
5401.95;47.977249
5402.57;49.831573
5403.18;48.485283
5403.8;53.581757
5404.41;64.00415
5405.03;52.785805
5405.64;43.251038
5406.26;48.074173
5406.87;58.798756
5407.48;65.180534
5408.1;62.057297
5408.71;49.731899
5409.33;38.043861
5409.94;46.689705
5410.56;52.927883
5411.17;49.132874
5411.79;58.380657
5412.4;61.864876
5413.01;57.476738
5413.63;52.242413
5414.24;45.601048
5414.86;47.962952
5415.47;51.839737
5416.09;46.574162
5416.7;45.155396
5417.31;43.808228
5417.93;44.835804
5418.54;52.714844
5419.16;47.315498
5419.77;46.184864
5420.39;56.191368
5421;54.345631
5421.62;52.722332
5422.23;56.343166
5422.84;58.185959
5423.46;52.001717
5424.07;50.700661
5424.69;54.437023
5425.3;56.143906
5425.92;63.634449
5426.53;61.403778
5427.15;49.15786
5427.76;48.596672
5428.37;60.421165
5428.99;63.254681
5429.6;54.034172
5430.22;60.539654
5430.83;70.364059
5431.45;72.90345
5432.06;68.78289
5432.68;61.348164
5433.29;52.350101
5433.9;46.749287
5434.52;50.729877
5435.13;61.848869
5435.75;62.956219
5436.36;53.891735
5436.98;55.007561
5437.59;51.228031
5438.21;50.808624
5438.82;59.894592
5439.43;53.325489
5440.05;57.882736
5440.66;67.916267
5441.28;55.701279
5441.89;48.925854
5442.51;54.146019
5443.12;60.05777
5443.73;56.091728
5444.35;50.645721
5444.96;46.921352
5445.58;45.793915
5446.19;50.888103
5446.81;50.108459
5447.42;47.314129
5448.04;55.046455
5448.65;63.422588
5449.26;63.828064
5449.88;54.274708
5450.49;41.708557
5451.11;42.284477
5451.72;45.870434
5452.34;42.931046
5452.95;48.255852
5453.57;48.295876
5454.18;42.315796
5454.79;43.736649
5455.41;50.569321
5456.02;42.212708
5456.64;29.095819
5457.25;44.298374
5457.87;44.928036
5458.48;43.724491
5459.1;63.585827
5459.71;70.319626
5460.32;56.076912
5460.94;39.494667
5461.55;39.930405
5462.17;43.492867
5462.78;38.69051
5463.4;33.072205
5464.01;42.458092
5464.63;43.925549
5465.24;41.52475
5465.85;51.437805
5466.47;64.51651
5467.08;58.229836
5467.7;44.441254
5468.31;51.650208
5468.93;57.030018
5469.54;57.050266
5470.16;59.966167
5470.77;65.343925
5471.38;55.630604
5472;49.20158
5472.61;62.239429
5473.23;55.445694
5473.84;44.846306
5474.46;51.294682
5475.07;67.479271
5475.68;68.340004
5476.3;65.738602
5476.91;70.979279
5477.53;64.544327
5478.14;55.575218
5478.76;53.056873
5479.37;54.264515
5479.99;50.868435
5480.6;54.50185
5481.21;65.21801
5481.83;63.801682
5482.44;55.131207
5483.06;54.659657
5483.67;65.993599
5484.29;69.264145
5484.9;66.589317
5485.52;68.887527
5486.13;76.032539
5486.74;63.348232
5487.36;60.46452
5487.97;71.312904
5488.59;42.740364
5489.2;35.949028
5489.82;62.20269
5490.43;77.058075
5491.05;67.065895
5491.66;54.263313
5492.27;56.347939
5492.89;65.715073
5493.5;64.401154
5494.12;65.301743
5494.73;77.506546
5495.35;71.454094
5495.96;60.725636
5496.58;57.918686
5497.19;56.996468
5497.8;51.549637
5498.42;51.779358
5499.03;59.82328
5499.65;57.263535
5500.26;50.105789
5500.88;46.904926
5501.49;50.461342
5502.1;60.430359
5502.72;77.869812
5503.33;83.751755
5503.95;56.536133
5504.56;59.026089
5505.18;74.340477
5505.79;62.033207
5506.41;65.881386
5507.02;65.969109
5507.63;55.740726
5508.25;60.408695
5508.86;61.037376
5509.48;55.531548
5510.09;55.470444
5510.71;66.285095
5511.32;82.310738
5511.94;87.21196
5512.55;71.924004
5513.16;62.839687
5513.78;65.944046
5514.39;70.947983
5515.01;68.16111
5515.62;63.916096
5516.24;60.110863
5516.85;54.748253
5517.47;53.925026
5518.08;60.419605
5518.69;67.005798
5519.31;62.37772
5519.92;58.596912
5520.54;62.42807
5521.15;69.296692
5521.77;69.613792
5522.38;61.682308
5523;53.860405
5523.61;55.040409
5524.22;51.870991
5524.84;51.377838
5525.45;59.639378
5526.07;55.811543
5526.68;53.640575
5527.3;58.194679
5527.91;59.175213
5528.52;69.98288
5529.14;80.662331
5529.75;76.057777
5530.37;63.348648
5530.98;61.345436
5531.6;67.257141
5532.21;62.640148
5532.83;52.948631
5533.44;53.119987
5534.05;64.459297
5534.67;68.86039
5535.28;76.107056
5535.9;81.786278
5536.51;73.220734
5537.13;67.87796
5537.74;68.443321
5538.36;70.869072
5538.97;74.601982
5539.58;73.166962
5540.2;65.408157
5540.81;57.103489
5541.43;55.315975
5542.04;58.403572
5542.66;62.930744
5543.27;67.546455
5543.89;66.139175
5544.5;59.720928
5545.11;56.456921
5545.73;63.564487
5546.34;73.359947
5546.96;73.965073
5547.57;61.874962
5548.19;52.807827
5548.8;55.532024
5549.42;62.231796
5550.03;54.799557
5550.64;57.945282
5551.26;71.001945
5551.87;58.22506
5552.49;56.155636
5553.1;66.618141
5553.72;68.713074
5554.33;71.27655
5554.94;65.78714
5555.56;56.984161
5556.17;62.410347
5556.79;53.529015
5557.4;52.895935
5558.02;79.928406
5558.63;73.168488
5559.25;63.539253
5559.86;70.012901
5560.47;64.044037
5561.09;71.779404
5561.7;77.400452
5562.32;60.699158
5562.93;60.689602
5563.55;60.631531
5564.16;51.864483
5564.78;56.445274
5565.39;65.763321
5566;70.463913
5566.62;69.3452
5567.23;66.12207
5567.85;51.726242
5568.46;42.352299
5569.08;67.437836
5569.69;79.856209
5570.31;70.27729
5570.92;62.309361
5571.53;64.149971
5572.15;60.476967
5572.76;54.105846
5573.38;68.466255
5573.99;87.440384
5574.61;103.742691
5575.22;105.508904
5575.84;61.199722
5576.45;42.674236
5577.06;72.635155
5577.68;79.677116
5578.29;62.285995
5578.91;44.479847
5579.52;38.564529
5580.14;27.302757
5580.75;37.157005
5581.36;66.24369
5581.98;70.045601
5582.59;70.287041
5583.21;66.493828
5583.82;51.059105
5584.44;56.409645
5585.05;58.569988
5585.67;45.018505
5586.28;45.711926
5586.89;58.034489
5587.51;68.006752
5588.12;67.58503
5588.74;65.502075
5589.35;64.971481
5589.97;67.866844
5590.58;75.556526
5591.2;74.782127
5591.81;66.846573
5592.42;66.703369
5593.04;80.996658
5593.65;80.612007
5594.27;60.50304
5594.88;61.808731
5595.5;69.060745
5596.11;69.939888
5596.73;67.543999
5597.34;59.736946
5597.95;56.169098
5598.57;58.189636
5599.18;51.559471
5599.8;56.504822
5600.41;69.909729
5601.03;68.191856
5601.64;60.26482
5602.26;55.012302
5602.87;60.453289
5603.48;79.871872
5604.1;72.060562
5604.71;48.221878
5605.33;57.801395
5605.94;64.084343
5606.56;61.918793
5607.17;64.647598
5607.78;65.490158
5608.4;61.584602
5609.01;54.585648
5609.63;50.512814
5610.24;59.499683
5610.86;65.387932
5611.47;55.938717
5612.09;57.3428
5612.7;62.194225
5613.31;63.052639
5613.93;66.359253
5614.54;61.45475
5615.16;51.24049
5615.77;48.905128
5616.39;58.279369
5617;62.744888
5617.62;58.025917
5618.23;63.32465
5618.84;78.197449
5619.46;85.663605
5620.07;75.859436
5620.69;74.03109
5621.3;73.55291
5621.92;68.89769
5622.53;77.342949
5623.15;83.726242
5623.76;73.7836
5624.37;52.87178
5624.99;48.781483
5625.6;63.663471
5626.22;84.012741
5626.83;96.691269
5627.45;80.844162
5628.06;59.818485
5628.68;75.722412
5629.29;80.934601
5629.9;72.562363
5630.52;69.871155
5631.13;59.40617
5631.75;45.026482
5632.36;40.120518
5632.98;53.498791
5633.59;72.424728
5634.2;82.961281
5634.82;79.113167
5635.43;67.14772
5636.05;61.730282
5636.66;71.594139
5637.28;88.838264
5637.89;87.999046
5638.51;71.654396
5639.12;62.006283
5639.73;61.189369
5640.35;68.022301
5640.96;78.301895
5641.58;83.204277
5642.19;74.713806
5642.81;59.839882
5643.42;54.535824
5644.04;58.733467
5644.65;67.571449
5645.26;76.792923
5645.88;84.693016
5646.49;87.024254
5647.11;78.360115
5647.72;59.372055
5648.34;51.059727
5648.95;56.823322
5649.57;64.987404
5650.18;66.838707
5650.79;63.357525
5651.41;62.893593
5652.02;72.157242
5652.64;74.15213
5653.25;65.488152
5653.87;58.410534
5654.48;60.590885
5655.1;64.747772
5655.71;64.930222
5656.32;66.804161
5656.94;65.676399
5657.55;64.203728
5658.17;70.075592
5658.78;73.963051
5659.4;73.799339
5660.01;70.217148
5660.62;59.181587
5661.24;52.961498
5661.85;60.326565
5662.47;73.505707
5663.08;69.686806
5663.7;56.015961
5664.31;56.438652
5664.93;73.460091
5665.54;84.490845
5666.15;78.367393
5666.77;72.389526
5667.38;73.563927
5668;73.202957
5668.61;62.902802
5669.23;62.082478
5669.84;68.86763
5670.46;71.976257
5671.07;69.411423
5671.68;59.344196
5672.3;52.067631
5672.91;62.048107
5673.53;73.285019
5674.14;70.785866
5674.76;60.685249
5675.37;72.393425
5675.99;71.938408
5676.6;56.939819
5677.21;78.954796
5677.83;87.846672
5678.44;77.230728
5679.06;81.29557
5679.67;84.793503
5680.29;81.285759
5680.9;75.401016
5681.52;73.510811
5682.13;74.741127
5682.74;72.493912
5683.36;63.547688
5683.97;63.246284
5684.59;57.165401
5685.2;42.097603
5685.82;65.637833
5686.43;79.393387
5687.04;65.019302
5687.66;73.514877
5688.27;70.116867
5688.89;58.832733
5689.5;68.219948
5690.12;67.387733
5690.73;58.6763
5691.35;56.019287
5691.96;56.624954
5692.57;57.03159
5693.19;58.25465
5693.8;64.09565
5694.42;73.221817
5695.03;76.624588
5695.65;69.459625
5696.26;63.103958
5696.88;67.538841
5697.49;75.996033
5698.1;71.576439
5698.72;71.713531
5699.33;71.805672
5699.95;59.596619
5700.56;60.802071
5701.18;60.6012
5701.79;50.164421
5702.41;59.659603
5703.02;76.834641
5703.63;81.643509
5704.25;70.392807
5704.86;65.482933
5705.48;68.76976
5706.09;72.052803
5706.71;78.219948
5707.32;73.844879
5707.94;61.07019
5708.55;61.949905
5709.16;61.456303
5709.78;60.775936
5710.39;69.246902
5711.01;65.747284
5711.62;65.165955
5712.24;74.950745
5712.85;66.372421
5713.46;69.651764
5714.08;83.061722
5714.69;71.480286
5715.31;70.53199
5715.92;82.102325
5716.54;82.072388
5717.15;66.074783
5717.77;57.374935
5718.38;59.17337
5718.99;47.46904
5719.61;57.257832
5720.22;75.448166
5720.84;62.274796
5721.45;55.104111
5722.07;61.138969
5722.68;65.939758
5723.3;63.799084
5723.91;67.258041
5724.52;76.191566
5725.14;75.92865
5725.75;74.366394
5726.37;68.981987
5726.98;59.050625
5727.6;67.993111
5728.21;79.062996
5728.83;74.526489
5729.44;65.299469
5730.05;63.777393
5730.67;72.110809
5731.28;81.221687
5731.9;78.551208
5732.51;70.214783
5733.13;66.428055
5733.74;63.489536
5734.36;61.404861
5734.97;67.078362
5735.58;83.611198
5736.2;79.534454
5736.81;64.916229
5737.43;69.750717
5738.04;75.603363
5738.66;69.315681
5739.27;57.45002
5739.88;61.506844
5740.5;74.013802
5741.11;76.469421
5741.73;61.228664
5742.34;56.449055
5742.96;63.547462
5743.57;70.183281
5744.19;81.239868
5744.8;83.697487
5745.41;73.358353
5746.03;66.796822
5746.64;66.734055
5747.26;75.832764
5747.87;91.736649
5748.49;90.874138
5749.1;78.889
5749.72;73.088272
5750.33;76.257812
5750.94;85.299171
5751.56;85.752151
5752.17;65.621117
5752.79;61.219093
5753.4;71.107918
5754.02;72.361938
5754.63;78.030067
5755.25;77.972504
5755.86;67.548737
5756.47;66.89225
5757.09;67.480057
5757.7;66.095596
5758.32;70.373451
5758.93;73.248039
5759.55;67.781952
5760.16;60.326092
5760.78;73.521805
5761.39;86.848206
5762;82.310036
5762.62;72.931793
5763.23;75.782578
5763.85;83.165665
5764.46;80.200478
5765.08;89.507233
5765.69;94.70118
5766.3;78.433517
5766.92;66.146996
5767.53;67.069481
5768.15;78.248825
5768.76;87.683167
5769.38;71.815247
5769.99;60.457058
5770.61;84.369568
5771.22;81.834702
5771.83;63.269669
5772.45;61.373455
5773.06;72.391586
5773.68;80.780266
5774.29;82.057495
5774.91;81.434692
5775.52;70.708366
5776.14;63.02063
5776.75;72.552917
5777.36;82.352585
5777.98;85.214996
5778.59;81.299744
5779.21;74.179443
5779.82;75.069199
5780.44;81.46727
5781.05;83.623619
5781.67;90.26767
5782.28;87.998894
5782.89;70.061348
5783.51;65.10218
5784.12;68.038605
5784.74;70.003143
5785.35;72.823723
5785.97;67.506279
5786.58;60.704281
5787.2;66.182388
5787.81;77.581596
5788.42;87.582626
5789.04;88.033409
5789.65;72.601807
5790.27;63.055832
5790.88;71.642715
5791.5;88.774399
5792.11;102.407455
5792.73;101.035622
5793.34;82.688995
5793.95;65.341156
5794.57;68.321602
5795.18;83.656761
5795.8;77.384895
5796.41;76.740646
5797.03;86.312981
5797.64;80.772911
5798.25;70.216354
5798.87;65.903152
5799.48;69.965698
5800.1;74.962837
5800.71;77.861473
5801.33;78.978996
5801.94;79.362709
5802.56;77.919983
5803.17;75.826111
5803.78;75.696144
5804.4;76.812073
5805.01;74.820313
5805.63;71.630074
5806.24;77.986183
5806.86;72.246552
5807.47;58.994385
5808.09;70.800911
5808.7;72.539154
5809.31;61.952728
5809.93;65.081879
5810.54;78.188446
5811.16;81.650406
5811.77;70.819374
5812.39;69.492638
5813;74.125664
5813.62;77.092499
5814.23;77.174973
5814.84;72.739723
5815.46;71.795273
5816.07;81.431442
5816.69;90.810745
5817.3;85.793617
5817.92;68.89653
5818.53;62.988102
5819.15;69.297958
5819.76;76.191399
5820.37;73.397209
5820.99;70.813728
5821.6;69.376884
5822.22;65.607269
5822.83;64.004501
5823.45;68.921432
5824.06;80.587013
5824.67;91.528748
5825.29;83.444611
5825.9;70.704849
5826.52;79.26889
5827.13;82.751213
5827.75;79.430145
5828.36;81.975319
5828.98;89.361176
5829.59;81.174767
5830.2;61.942181
5830.82;60.974937
5831.43;56.774899
5832.05;56.974968
5832.66;75.066811
5833.28;63.672115
5833.89;59.151577
5834.51;87.802826
5835.12;89.714737
5835.73;75.882652
5836.35;66.725136
5836.96;62.351761
5837.58;63.11306
5838.19;69.770798
5838.81;77.719681
5839.42;73.022888
5840.04;65.22364
5840.65;65.722107
5841.26;71.242699
5841.88;81.749664
5842.49;83.137596
5843.11;63.762779
5843.72;64.761086
5844.34;79.054138
5844.95;75.676628
5845.57;58.253426
5846.18;44.611019
5846.79;50.217842
5847.41;73.02951
5848.02;75.810783
5848.64;62.240726
5849.25;63.706127
5849.87;60.087296
5850.48;58.234943
5851.09;68.737701
5851.71;70.814972
5852.32;68.309799
5852.94;68.98288
5853.55;71.10955
5854.17;73.143143
5854.78;79.512253
5855.4;89.786049
5856.01;81.963913
5856.62;68.186081
5857.24;65.92305
5857.85;66.9692
5858.47;72.012894
5859.08;81.229836
5859.7;88.194191
5860.31;83.737984
5860.93;80.933075
5861.54;91.757027
5862.15;88.219261
5862.77;77.140526
5863.38;74.006142
5864;75.317001
5864.61;78.905609
5865.23;80.96196
5865.84;78.440361
5866.46;79.450356
5867.07;83.815407
5867.68;84.114258
5868.3;75.074654
5868.91;62.94635
5869.53;56.15242
5870.14;57.972523
5870.76;68.010017
5871.37;77.413971
5871.99;76.325478
5872.6;73.137283
5873.21;73.479866
5873.83;75.897469
5874.44;74.264595
5875.06;70.707283
5875.67;68.070145
5876.29;66.949837
5876.9;74.4263
5877.51;79.560287
5878.13;67.669586
5878.74;60.504799
5879.36;68.854477
5879.97;84.502922
5880.59;87.840538
5881.2;84.872185
5881.82;79.940903
5882.43;70.037148
5883.04;77.630409
5883.66;90.611694
5884.27;83.498833
5884.89;77.718872
5885.5;76.497887
5886.12;73.440895
5886.73;69.215973
5887.35;65.475365
5887.96;67.292305
5888.57;79.411926
5889.19;92.359886
5889.8;90.800743
5890.42;74.181168
5891.03;75.308418
5891.65;92.326637
5892.26;98.899918
5892.88;75.040787
5893.49;67.893768
5894.1;75.490326
5894.72;58.080963
5895.33;71.456451
5895.95;80.124146
5896.56;47.08289
5897.18;64.157501
5897.79;75.148026
5898.41;47.559361
5899.02;56.688324
5899.63;70.785591
5900.25;67.218987
5900.86;62.676331
5901.48;72.801895
5902.09;81.110283
5902.71;73.152817
5903.32;70.926529
5903.93;74.630562
5904.55;76.010605
5905.16;71.509605
5905.78;66.797852
5906.39;73.155052
5907.01;91.24762
5907.62;91.698143
5908.24;83.482231
5908.85;83.802139
5909.46;83.431786
5910.08;74.961807
5910.69;68.074486
5911.31;78.411621
5911.92;82.145393
5912.54;80.483368
5913.15;87.043922
5913.77;86.621208
5914.38;83.685677
5914.99;86.602974
5915.61;91.296944
5916.22;93.56794
5916.84;89.427605
5917.45;77.199432
5918.07;63.539894
5918.68;62.850159
5919.3;75.846207
5919.91;71.325989
5920.52;55.00164
5921.14;49.63792
5921.75;65.954483
5922.37;71.301552
5922.98;63.685822
5923.6;68.888206
5924.21;78.217415
5924.83;83.994911
5925.44;82.33503
5926.05;70.991867
5926.67;68.52919
5927.28;77.954407
5927.9;79.343552
5928.51;79.959526
5929.13;83.493553
5929.74;84.174309
5930.35;77.702179
5930.97;80.10791
5931.58;91.975479
5932.2;80.03801
5932.81;70.765854
5933.43;72.869934
5934.04;61.208694
5934.66;51.374432
5935.27;53.127632
5935.88;63.148144
5936.5;74.422722
5937.11;75.574432
5937.73;71.595551
5938.34;85.905052
5938.96;97.502327
5939.57;93.340881
5940.19;84.017395
5940.8;81.398468
5941.41;79.87648
5942.03;72.145569
5942.64;70.19046
5943.26;78.003517
5943.87;80.436394
5944.49;57.897522
5945.1;54.550064
5945.72;76.548088
5946.33;89.819351
5946.94;88.898048
5947.56;76.909439
5948.17;64.593666
5948.79;67.254189
5949.4;66.505058
5950.02;55.922741
5950.63;56.288864
5951.25;75.474167
5951.86;94.644997
5952.47;94.988243
5953.09;97.71109
5953.7;82.966949
5954.32;54.548412
5954.93;71.88015
5955.55;81.900658
5956.16;65.352592
5956.77;66.131065
5957.39;77.181534
5958;76.870857
5958.62;64.041336
5959.23;76.38858
5959.85;83.123184
5960.46;63.042946
5961.08;51.654907
5961.69;62.355721
5962.3;72.637108
5962.92;57.521629
5963.53;56.361481
5964.15;65.293152
5964.76;65.646103
5965.38;71.051384
5965.99;71.226616
5966.61;60.017773
5967.22;52.017963
5967.83;67.530693
5968.45;90.116478
5969.06;91.73291
5969.68;90.350296
5970.29;83.120811
5970.91;68.090012
5971.52;65.456146
5972.14;73.324554
5972.75;77.877678
5973.36;73.401703
5973.98;89.837334
5974.59;98.619522
5975.21;70.353294
5975.82;66.257309
5976.44;76.684837
5977.05;78.869286
5977.67;83.462646
5978.28;87.92205
5978.89;87.693726
5979.51;81.289207
5980.12;69.618889
5980.74;62.274525
5981.35;68.037163
5981.97;81.503357
5982.58;77.542496
5983.19;62.994263
5983.81;73.864326
5984.42;75.507477
5985.04;64.994278
5985.65;68.162682
5986.27;80.406769
5986.88;79.956673
5987.5;68.0196
5988.11;79.129051
5988.72;77.576401
5989.34;61.715637
5989.95;69.503716
5990.57;69.614433
5991.18;73.809097
5991.8;99.763718
5992.41;101.073753
5993.03;84.862457
5993.64;75.117401
5994.25;77.722778
5994.87;84.413918
5995.48;82.97345
5996.1;70.515274
5996.71;67.365387
5997.33;62.956383
5997.94;50.422878
5998.56;58.515858
5999.17;74.122734
5999.78;84.243347
6000.4;91.588928
6001.01;84.557251
6001.63;74.184067
6002.24;75.31234
6002.86;69.785439
6003.47;70.77359
6004.09;79.23365
6004.7;65.457405
6005.31;65.863602
6005.93;84.132759
6006.54;87.134163
6007.16;88.489998
6007.77;86.120346
6008.39;75.924316
6009;75.144524
6009.61;67.098869
6010.23;54.00267
6010.84;66.714432
6011.46;83.098709
6012.07;85.285774
6012.69;78.339058
6013.3;83.627335
6013.92;92.997482
6014.53;89.222977
6015.14;71.23317
6015.76;56.80452
6016.37;61.007694
6016.99;78.420074
6017.6;71.122681
6018.22;60.574459
6018.83;75.17411
6019.45;73.768509
6020.06;61.766937
6020.67;58.906631
6021.29;67.273323
6021.9;69.520279
6022.52;67.201759
6023.13;72.153381
6023.75;71.367279
6024.36;65.10759
6024.98;65.794807
6025.59;82.062645
6026.2;80.820122
6026.82;64.664253
6027.43;72.142693
6028.05;82.02121
6028.66;77.630173
6029.28;65.102074
6029.89;67.660568
6030.51;77.085793
6031.12;82.812729
6031.73;87.278473
6032.35;76.395393
6032.96;62.319683
6033.58;70.789314
6034.19;90.052406
6034.81;95.824547
6035.42;84.714188
6036.03;86.716698
6036.65;90.329376
6037.26;83.462715
6037.88;75.425629
6038.49;88.071442
6039.11;101.516914
6039.72;91.267532
6040.34;84.144279
6040.95;75.008545
6041.56;63.107918
6042.18;68.931824
6042.79;78.420586
6043.41;78.273247
6044.02;73.463196
6044.64;87.308914
6045.25;96.463905
6045.87;84.029343
6046.48;82.485359
6047.09;83.21991
6047.71;74.232292
6048.32;63.249344
6048.94;74.86705
6049.55;91.946564
6050.17;87.170509
6050.78;76.475021
6051.4;77.733215
6052.01;83.106728
6052.62;66.129074
6053.24;53.600086
6053.85;66.799339
6054.47;93.386566
6055.08;86.310654
6055.7;62.921562
6056.31;59.943531
6056.93;78.445465
6057.54;86.414658
6058.15;77.362289
6058.77;73.376595
6059.38;72.706161
6060;76.767853
6060.61;81.062241
6061.23;66.606934
6061.84;61.916557
6062.45;75.04454
6063.07;75.540619
6063.68;76.96933
6064.3;75.340225
6064.91;62.149746
6065.53;67.310089
6066.14;78.451675
6066.76;78.170425
6067.37;74.6884
6067.98;64.84494
6068.6;58.196072
6069.21;66.483597
6069.83;64.807945
6070.44;56.225357
6071.06;56.29034
6071.67;63.36087
6072.29;62.784157
6072.9;52.603424
6073.51;48.182499
6074.13;57.572739
6074.74;68.095169
6075.36;67.193024
6075.97;68.954147
6076.59;71.417961
6077.2;70.047997
6077.82;68.292992
6078.43;67.850182
6079.04;60.959812
6079.66;48.343189
6080.27;63.340637
6080.89;72.18309
6081.5;57.243649
6082.12;68.953728
6082.73;69.388901
6083.35;57.03437
6083.96;71.868164
6084.57;79.986244
6085.19;70.458809
6085.8;59.411339
6086.42;64.312477
6087.03;72.828133
6087.65;72.884399
6088.26;68.035591
6088.87;67.6008
6089.49;67.211388
6090.1;63.349232
6090.72;72.948006
6091.33;79.095184
6091.95;75.937126
6092.56;82.908295
6093.18;71.710922
6093.79;52.68713
6094.4;57.641411
6095.02;63.547268
6095.63;63.912415
6096.25;63.098022
6096.86;61.351219
6097.48;58.380157
6098.09;59.634605
6098.71;67.564552
6099.32;62.736118
6099.93;59.098072
6100.55;72.184647
6101.16;80.463654
6101.78;65.87265
6102.39;49.021534
6103.01;63.37672
6103.62;57.566044
6104.24;48.430176
6104.85;67.847839
6105.46;66.141548
6106.08;56.811882
6106.69;59.018108
6107.31;61.411976
6107.92;58.868439
6108.54;58.890087
6109.15;65.707153
6109.77;60.894474
6110.38;55.412594
6110.99;56.131199
6111.61;48.60107
6112.22;46.735233
6112.84;52.769825
6113.45;55.17503
6114.07;53.468342
6114.68;53.827938
6115.29;57.806404
6115.91;59.430084
6116.52;70.510689
6117.14;75.95517
6117.75;54.803886
6118.37;55.704918
6118.98;61.75993
6119.6;49.519295
6120.21;57.653893
6120.82;73.494392
6121.44;79.017181
6122.05;75.558624
6122.67;71.705872
6123.28;62.449371
6123.9;52.102077
6124.51;71.559738
6125.13;86.435814
6125.74;76.616013
6126.35;67.13694
6126.97;67.155205
6127.58;65.357338
6128.2;56.766148
6128.81;66.958466
6129.43;69.080055
6130.04;60.986927
6130.66;83.4543
6131.27;97.203514
6131.88;79.75499
6132.5;52.88142
6133.11;60.770927
6133.73;68.919739
6134.34;58.984631
6134.96;71.478264
6135.57;73.107468
6136.19;63.594131
6136.8;71.741989
6137.41;82.899826
6138.03;79.241592
6138.64;68.025803
6139.26;77.940598
6139.87;79.525871
6140.49;67.846634
6141.1;66.144722
6141.72;69.449646
6142.33;64.90332
6142.94;55.976486
6143.56;65.172073
6144.17;70.017555
6144.79;60.761768
6145.4;52.598946
6146.02;54.927494
6146.63;63.683949
6147.24;66.564018
6147.86;56.625229
6148.47;63.629536
6149.09;81.761292
6149.7;77.768295
6150.32;76.920822
6150.93;78.323296
6151.55;70.165161
6152.16;62.673195
6152.77;73.031982
6153.39;88.342857
6154;78.13591
6154.62;59.993778
6155.23;50.994362
6155.85;53.480095
6156.46;56.644707
6157.08;59.345573
6157.69;59.820862
6158.3;55.148247
6158.92;54.500301
6159.53;63.287849
6160.15;73.03125
6160.76;64.760849
6161.38;63.68103
6161.99;77.765251
6162.61;83.123032
6163.22;76.242493
6163.83;65.580338
6164.45;59.516087
6165.06;58.106438
6165.68;65.975426
6166.29;71.724464
6166.91;60.250538
6167.52;66.97393
6168.14;80.500587
6168.75;76.645584
6169.36;74.761017
6169.98;66.173233
6170.59;54.833004
6171.21;61.464767
6171.82;69.340233
6172.44;72.881409
6173.05;75.079857
6173.66;73.585693
6174.28;82.019531
6174.89;89.62381
6175.51;71.396523
6176.12;64.484596
6176.74;68.156357
6177.35;66.620102
6177.97;73.965492
6178.58;75.767197
6179.19;71.007256
6179.81;75.093613
6180.42;68.800499
6181.04;58.177116
6181.65;59.221577
6182.27;67.032257
6182.88;73.230103
6183.5;72.688873
6184.11;65.757355
6184.72;58.402527
6185.34;65.459946
6185.95;82.479172
6186.57;73.793427
6187.18;65.923615
6187.8;71.384712
6188.41;71.121925
6189.03;66.659012
6189.64;59.595608
6190.25;54.007259
6190.87;58.455219
6191.48;61.410614
6192.1;63.850185
6192.71;74.042091
6193.33;70.138878
6193.94;65.466484
6194.56;70.151726
6195.17;61.729607
6195.78;65.480728
6196.4;81.466072
6197.01;82.749702
6197.63;74.011909
6198.24;65.939468
6198.86;63.095367
6199.47;61.720215
6200.08;63.51371
6200.7;66.185486
6201.31;64.241478
6201.93;58.970325
6202.54;68.878044
6203.16;93.543625
6203.77;100.561714
6204.39;83.332138
6205;60.873573
6205.61;55.934685
6206.23;64.932693
6206.84;70.719246
6207.46;67.982506
6208.07;68.109657
6208.69;66.074074
6209.3;59.160862
6209.92;53.726837
6210.53;60.497971
6211.14;63.162861
6211.76;59.036823
6212.37;65.161354
6212.99;66.716934
6213.6;65.209503
6214.22;64.206551
6214.83;48.97464
6215.45;47.029449
6216.06;63.228081
6216.67;70.503738
6217.29;71.180069
6217.9;75.148155
6218.52;84.365372
6219.13;87.083618
6219.75;77.275253
6220.36;66.396553
6220.98;69.461197
6221.59;73.316872
6222.2;67.561035
6222.82;56.277435
6223.43;55.535294
6224.05;65.941689
6224.66;73.03373
6225.28;64.58004
6225.89;53.252846
6226.5;50.298187
6227.12;56.102962
6227.73;62.4636
6228.35;69.651802
6228.96;74.62368
6229.58;74.247604
6230.19;71.566238
6230.81;60.324474
6231.42;48.763165
6232.03;57.107475
6232.65;76.455032
6233.26;73.351311
6233.88;46.238689
6234.49;51.506298
6235.11;65.847923
6235.72;69.147949
6236.34;70.839386
6236.95;76.84594
6237.56;73.305679
6238.18;57.346252
6238.79;51.522053
6239.41;58.047977
6240.02;69.039909
6240.64;74.967606
6241.25;70.785934
6241.87;60.040848
6242.48;49.651752
6243.09;45.056511
6243.71;46.852257
6244.32;52.888474
6244.94;62.50824
6245.55;75.190765
6246.17;66.595779
6246.78;51.987827
6247.4;66.900742
6248.01;73.969894
6248.62;71.51767
6249.24;71.081261
6249.85;66.785461
6250.47;64.000435
6251.08;65.533318
6251.7;67.942825
6252.31;66.558525
6252.92;66.7948
6253.54;65.660408
6254.15;56.396763
6254.77;68.299988
6255.38;81.826942
6256;68.949371
6256.61;54.305244
6257.23;67.124802
6257.84;83.841087
6258.45;64.712502
6259.07;55.724743
6259.68;52.091965
6260.3;44.97036
6260.91;57.428158
6261.53;70.670952
6262.14;72.520866
6262.76;66.30127
6263.37;59.812283
6263.98;69.032951
6264.6;79.728271
6265.21;63.937912
6265.83;60.494022
6266.44;67.345032
6267.06;66.178574
6267.67;65.78952
6268.29;80.42688
6268.9;87.265701
6269.51;65.059258
6270.13;63.615231
6270.74;75.161171
6271.36;76.809372
6271.97;68.661392
6272.59;63.46941
6273.2;64.81073
6273.82;67.849014
6274.43;68.873634
6275.04;75.858788
6275.66;77.706985
6276.27;61.588406
6276.89;58.731255
6277.5;60.436024
6278.12;59.089699
6278.73;69.14727
6279.34;71.917198
6279.96;66.853661
6280.57;64.270752
6281.19;62.150043
6281.8;66.183739
6282.42;69.66156
6283.03;61.160854
6283.65;55.324181
6284.26;55.420403
6284.87;54.968506
6285.49;48.917091
6286.1;46.299458
6286.72;52.383312
6287.33;61.487991
6287.95;61.601772
6288.56;65.562531
6289.18;72.201004
6289.79;65.865242
6290.4;53.547241
6291.02;49.104122
6291.63;58.161495
6292.25;69.372902
6292.86;60.077271
6293.48;53.583202
6294.09;71.40564
6294.71;76.652969
6295.32;73.212349
6295.93;67.872787
6296.55;59.866547
6297.16;60.210247
6297.78;61.789749
6298.39;56.794151
6299.01;48.469139
6299.62;38.315083
6300.24;37.878624
6300.85;53.409748
6301.46;68.71022
6302.08;64.600739
6302.69;51.758492
6303.31;56.144791
6303.92;72.599274
6304.54;71.011154
6305.15;51.092846
6305.76;49.136158
6306.38;66.251976
6306.99;74.346313
6307.61;64.250313
6308.22;66.392075
6308.84;62.643394
6309.45;52.614719
6310.07;55.92421
6310.68;72.580009
6311.29;70.445808
6311.91;54.253334
6312.52;59.662521
6313.14;63.995014
6313.75;53.119404
6314.37;43.020691
6314.98;60.456596
6315.6;70.41301
6316.21;63.596081
6316.82;54.750679
6317.44;50.069473
6318.05;58.134232
6318.67;61.489376
6319.28;46.568752
6319.9;57.149792
6320.51;58.382195
6321.13;42.801983
6321.74;53.606163
6322.35;51.966438
6322.97;48.41021
6323.58;62.651196
6324.2;71.041367
6324.81;59.740238
6325.43;57.042053
6326.04;77.958206
6326.66;69.821892
6327.27;56.101608
6327.88;60.743279
6328.5;71.105881
6329.11;60.998192
6329.73;54.10178
6330.34;61.250744
6330.96;60.118805
6331.57;62.785606
6332.18;62.204365
6332.8;58.840935
6333.41;73.185768
6334.03;66.429771
6334.64;60.803486
6335.26;80.618507
6335.87;64.930428
6336.49;59.827633
6337.1;71.224342
6337.71;60.157749
6338.33;55.259563
6338.94;56.202435
6339.56;62.207081
6340.17;76.276398
6340.79;61.015007
6341.4;40.463627
6342.02;46.145569
6342.63;62.011532
6343.24;59.479633
6343.86;62.955017
6344.47;83.788155
6345.09;67.11293
6345.7;55.254303
6346.32;60.777878
6346.93;60.144714
6347.55;60.357403
6348.16;58.308525
6348.77;57.546986
6349.39;64.260376
6350;62.883419
6350.62;58.983711
6351.23;56.634644
6351.85;48.019188
6352.46;38.47612
6353.08;39.05526
6353.69;49.029758
6354.3;56.98
6354.92;80.229218
6355.53;84.029739
6356.15;53.139977
6356.76;52.99297
6357.38;46.246391
6357.99;38.499252
6358.6;56.608681
6359.22;55.426323
6359.83;55.849243
6360.45;63.245224
6361.06;59.225197
6361.68;63.037674
6362.29;63.186878
6362.91;60.536308
6363.52;72.526337
6364.13;75.482536
6364.75;62.225067
6365.36;53.260136
6365.98;68.913338
6366.59;68.044014
6367.21;60.338097
6367.82;64.983101
6368.44;63.467537
6369.05;59.964993
6369.66;57.056911
6370.28;56.718349
6370.89;64.169395
6371.51;60.434601
6372.12;54.068172
6372.74;60.541542
6373.35;59.595783
6373.97;57.907814
6374.58;62.108017
6375.19;64.088821
6375.81;50.525604
6376.42;42.904221
6377.04;53.177448
6377.65;65.489113
6378.27;59.250416
6378.88;48.043015
6379.5;47.432842
6380.11;56.605114
6380.72;70.571693
6381.34;66.427971
6381.95;47.215954
6382.57;47.667301
6383.18;61.677849
6383.8;68.032005
6384.41;56.568821
6385.02;42.558285
6385.64;54.7743
6386.25;61.770882
6386.87;44.110603
6387.48;45.739288
6388.1;48.327881
6388.71;45.247936
6389.33;43.14695
6389.94;40.716526
6390.55;52.533508
6391.17;65.638885
6391.78;60.738274
6392.4;51.84708
6393.01;54.092701
6393.63;53.91954
6394.24;39.824509
6394.86;41.598713
6395.47;50.719917
6396.08;54.013996
6396.7;51.349583
6397.31;49.988323
6397.93;50.240589
6398.54;54.3834
6399.16;62.385815
6399.77;61.597984
6400.39;56.680962
6401;55.075348
6401.61;57.476837
6402.23;59.390858
6402.84;54.565243
6403.46;51.597008
6404.07;59.547787
6404.69;54.914688
6405.3;53.905289
6405.92;62.888641
6406.53;62.544762
6407.14;53.268028
6407.76;59.304661
6408.37;70.791229
6408.99;58.355942
6409.6;62.485672
6410.22;57.110619
6410.83;45.920422
6411.44;70.853989
6412.06;73.013809
6412.67;63.579899
6413.29;65.277771
6413.9;65.728821
6414.52;60.264267
6415.13;53.399883
6415.75;54.81889
6416.36;64.223518
6416.97;53.41589
6417.59;46.450748
6418.2;56.835655
6418.82;58.973064
6419.43;52.378063
6420.05;43.357162
6420.66;45.207378
6421.28;65.627716
6421.89;76.634064
6422.5;73.73288
6423.12;67.530746
6423.73;64.068077
6424.35;57.795433
6424.96;52.118324
6425.58;51.054028
6426.19;52.005337
6426.81;51.2439
6427.42;54.541882
6428.03;64.180138
6428.65;69.998215
6429.26;58.624027
6429.88;54.039497
6430.49;62.671272
6431.11;60.599312
6431.72;52.273796
6432.34;54.051662
6432.95;62.557575
6433.56;58.778728
6434.18;48.833862
6434.79;46.964909
6435.41;56.972313
6436.02;66.114906
6436.64;57.586578
6437.25;50.376419
6437.86;53.651226
6438.48;56.5513
6439.09;59.005493
6439.71;54.02002
6440.32;46.046139
6440.94;46.517708
6441.55;49.91843
6442.17;44.637798
6442.78;45.707096
6443.39;61.66436
6444.01;51.326622
6444.62;50.832905
6445.24;62.451263
6445.85;60.212925
6446.47;59.18993
6447.08;53.700966
6447.7;52.465839
6448.31;60.882553
6448.92;56.828499
6449.54;55.686378
6450.15;60.185188
6450.77;60.023212
6451.38;54.37804
6452;52.757156
6452.61;54.48349
6453.23;56.090809
6453.84;58.576366
6454.45;53.272823
6455.07;52.933956
6455.68;61.347603
6456.3;58.548317
6456.91;46.377113
6457.53;42.877754
6458.14;53.412395
6458.76;63.678909
6459.37;66.919327
6459.98;64.197227
6460.6;59.169926
6461.21;55.271172
6461.83;55.807598
6462.44;61.399651
6463.06;60.085209
6463.67;46.817459
6464.28;47.406601
6464.9;52.271709
6465.51;58.441093
6466.13;65.139565
6466.74;54.511673
6467.36;51.43964
6467.97;57.518112
6468.59;59.000828
6469.2;58.560345
6469.81;55.515335
6470.43;47.136467
6471.04;43.433353
6471.66;60.735855
6472.27;76.903152
6472.89;68.313095
6473.5;51.410374
6474.12;58.842461
6474.73;56.468628
6475.34;46.552109
6475.96;52.287445
6476.57;70.729538
6477.19;56.725708
6477.8;51.816055
6478.42;64.330711
6479.03;64.290642
6479.65;58.983345
6480.26;66.961266
6480.87;57.197392
6481.49;28.900364
6482.1;47.192421
6482.72;47.932529
6483.33;42.035858
6483.95;53.864861
6484.56;55.66478
6485.18;51.875084
6485.79;48.940735
6486.4;49.330975
6487.02;51.091858
6487.63;49.077297
6488.25;55.130058
6488.86;62.48341
6489.48;53.82872
6490.09;39.34219
6490.71;53.176521
6491.32;61.233318
6491.93;37.349773
6492.55;32.298065
6493.16;47.627335
6493.78;65.608467
6494.39;65.324135
6495.01;45.091812
6495.62;47.273415
6496.23;62.185917
6496.85;63.233826
6497.46;52.159859
6498.08;62.278103
6498.69;75.502296
6499.31;63.63747
6499.92;43.003311
6500.54;61.976246
6501.15;58.865726
6501.76;45.576477
6502.38;49.324165
6502.99;51.559456
6503.61;63.699657
6504.22;69.395233
6504.84;60.83905
6505.45;52.385025
6506.07;52.870033
6506.68;59.245316
6507.29;67.68837
6507.91;68.889069
6508.52;52.061234
6509.14;46.747662
6509.75;64.961235
6510.37;78.495415
6510.98;59.713444
6511.6;56.493046
6512.21;62.357025
6512.82;64.614227
6513.44;64.40403
6514.05;54.210136
6514.67;53.610798
6515.28;50.317123
6515.9;40.067535
6516.51;51.313694
6517.13;49.030926
6517.74;51.583439
6518.35;62.289974
6518.97;57.697231
6519.58;68.548027
6520.2;64.348656
6520.81;49.502625
6521.43;54.021767
6522.04;65.69706
6522.65;63.749149
6523.27;62.56284
6523.88;68.048988
6524.5;64.119675
6525.11;68.848061
6525.73;72.892166
6526.34;64.666351
6526.96;50.337547
6527.57;46.094967
6528.18;50.869495
6528.8;54.736523
6529.41;57.717957
6530.03;63.874866
6530.64;51.234386
6531.26;57.951488
6531.87;67.990479
6532.49;47.39016
6533.1;57.36496
6533.71;61.644333
6534.33;51.000122
6534.94;44.744568
6535.56;45.442364
6536.17;49.807564
6536.79;63.598907
6537.4;66.08535
6538.02;47.290733
6538.63;56.104061
6539.24;54.369888
6539.86;43.293278
6540.47;46.936626
6541.09;58.310375
6541.7;63.208694
6542.32;58.452038
6542.93;51.846439
6543.55;50.965805
6544.16;53.519302
6544.77;58.234299
6545.39;49.669678
6546;36.877365
6546.62;48.817081
6547.23;56.874756
6547.85;51.678524
6548.46;43.120293
6549.07;43.038826
6549.69;53.337536
6550.3;65.645042
6550.92;65.598267
6551.53;54.11298
6552.15;50.295387
6552.76;61.960037
6553.38;57.737366
6553.99;39.458862
6554.6;35.45327
6555.22;49.706238
6555.83;52.260681
6556.45;49.291824
6557.06;53.558865
6557.68;58.08622
6558.29;50.524609
6558.91;46.540672
6559.52;49.265869
6560.13;48.28994
6560.75;42.042652
6561.36;48.60078
6561.98;56.73613
6562.59;55.806828
6563.21;54.172539
6563.82;64.047829
6564.44;65.887787
6565.05;50.600994
6565.66;38.682415
6566.28;46.663261
6566.89;49.400322
6567.51;63.1278
6568.12;60.554642
6568.74;43.994801
6569.35;58.0672
6569.97;50.324867
6570.58;43.864712
6571.19;43.433407
6571.81;39.223034
6572.42;51.956795
6573.04;61.033257
6573.65;55.372879
6574.27;54.065285
6574.88;63.076122
6575.49;44.882767
6576.11;38.662773
6576.72;48.97242
6577.34;55.35537
6577.95;54.836857
6578.57;58.672665
6579.18;50.684086
6579.8;43.712486
6580.41;53.577309
6581.02;63.672031
6581.64;60.483292
6582.25;64.613426
6582.87;65.273239
6583.48;51.512039
6584.1;52.415592
6584.71;53.457901
6585.33;63.392326
6585.94;68.241997
6586.55;53.890884
6587.17;53.203339
6587.78;48.742493
6588.4;58.705959
6589.01;66.860954
6589.63;46.315182
6590.24;51.648239
6590.86;45.809998
6591.47;38.728127
6592.08;44.693264
6592.7;42.427956
6593.31;37.384792
6593.93;44.343178
6594.54;48.293808
6595.16;44.10236
6595.77;52.669128
6596.39;62.615013
6597;53.49131
6597.61;48.843464
6598.23;55.494659
6598.84;41.391823
6599.46;41.34388
6600.07;50.052155
6600.69;48.579758
6601.3;42.029343
6601.91;47.0135
6602.53;41.721474
6603.14;55.026421
6603.76;63.865433
6604.37;53.506001
6604.99;70.749374
6605.6;50.818455
6606.22;38.626667
6606.83;50.208561
6607.44;54.103718
6608.06;54.233124
6608.67;52.190666
6609.29;49.87949
6609.9;55.057224
6610.52;61.821472
6611.13;47.714523
6611.75;31.829586
6612.36;44.942394
6612.97;53.03624
6613.59;33.504612
6614.2;42.064072
6614.82;44.970078
6615.43;44.845848
6616.05;45.379471
6616.66;49.040501
6617.28;70.347847
6617.89;73.095909
6618.5;59.663296
6619.12;54.665154
6619.73;58.807388
6620.35;48.139374
6620.96;39.224697
6621.58;46.440552
6622.19;55.262516
6622.81;48.894039
6623.42;38.664825
6624.03;40.235165
6624.65;47.406822
6625.26;57.077847
6625.88;58.647472
6626.49;43.36245
6627.11;53.728886
6627.72;51.394428
6628.33;41.674805
6628.95;46.761417
6629.56;48.908474
6630.18;49.916294
6630.79;49.839058
6631.41;53.3069
6632.02;52.208786
6632.64;42.806938
6633.25;58.523659
6633.86;58.144722
6634.48;47.208607
6635.09;46.318508
6635.71;53.883934
6636.32;68.629784
6636.94;50.627464
6637.55;39.608341
6638.17;50.081394
6638.78;49.863205
6639.39;47.011444
6640.01;49.73085
6640.62;54.228291
6641.24;50.083282
6641.85;44.340298
6642.47;54.313614
6643.08;50.551559
6643.7;48.464619
6644.31;56.703171
6644.92;63.485733
6645.54;62.2528
6646.15;59.000237
6646.77;55.301525
6647.38;45.228088
6648;36.483948
6648.61;42.890842
6649.23;50.82402
6649.84;46.151184
6650.45;42.779774
6651.07;43.471592
6651.68;38.719402
6652.3;36.146469
6652.91;37.479694
6653.53;50.089172
6654.14;54.092667
6654.75;45.996414
6655.37;56.004398
6655.98;61.440624
6656.6;52.803692
6657.21;50.466938
6657.83;49.530396
6658.44;35.003769
6659.06;42.382576
6659.67;42.367607
6660.28;46.919025
6660.9;50.283806
6661.51;40.778549
6662.13;49.895077
6662.74;62.185947
6663.36;48.235886
6663.97;33.5098
6664.59;37.581676
6665.2;38.864323
6665.81;44.618267
6666.43;41.990528
6667.04;50.77161
6667.66;54.904064
6668.27;38.791603
6668.89;47.070461
6669.5;34.215549
6670.12;43.533657
6670.73;50.906521
6671.34;42.852009
6671.96;66.493942
6672.57;58.988091
6673.19;44.385994
6673.8;49.107834
6674.42;49.635689
6675.03;32.29203
6675.65;35.832344
6676.26;42.7603
6676.87;54.241825
6677.49;60.568047
6678.1;54.49136
6678.72;48.076397
6679.33;45.633236
6679.95;49.555046
6680.56;53.889839
6681.17;53.146614
6681.79;52.376518
6682.4;56.996544
6683.02;53.426792
6683.63;61.808331
6684.25;59.624153
6684.86;41.68819
6685.48;42.411011
6686.09;56.454079
6686.7;56.242157
6687.32;44.260082
6687.93;38.599335
6688.55;45.872551
6689.16;50.237133
6689.78;35.066864
6690.39;38.203945
6691.01;43.975422
6691.62;46.264832
6692.23;50.325546
6692.85;37.72879
6693.46;38.936131
6694.08;44.127121
6694.69;48.464142
6695.31;54.794563
6695.92;59.104488
6696.54;59.586296
6697.15;64.146706
6697.76;57.560837
6698.38;42.940456
6698.99;36.830906
6699.61;43.246422
6700.22;51.849693
6700.84;46.964447
6701.45;50.961201
6702.07;52.660713
6702.68;46.44471
6703.29;53.018147
6703.91;43.722961
6704.52;50.2677
6705.14;48.100533
6705.75;43.35368
6706.37;48.257961
6706.98;38.084076
6707.59;45.555614
6708.21;43.331135
6708.82;39.402168
6709.44;41.327644
6710.05;42.475349
6710.67;46.856098
6711.28;47.560677
6711.9;50.622242
6712.51;45.035946
6713.12;45.55212
6713.74;61.27774
6714.35;56.927517
6714.97;40.098427
6715.58;36.696877
6716.2;51.0798
6716.81;54.223679
6717.43;42.816113
6718.04;53.283401
6718.65;55.352509
6719.27;37.102741
6719.88;40.424183
6720.5;52.056858
6721.11;43.62693
6721.73;46.17905
6722.34;35.405102
6722.96;33.441689
6723.57;42.075836
6724.18;50.8755
6724.8;52.170158
6725.41;43.234737
6726.03;42.981888
6726.64;47.320549
6727.26;46.751427
6727.87;44.976288
6728.49;45.979862
6729.1;42.096165
6729.71;35.485073
6730.33;46.015862
6730.94;52.180744
6731.56;41.315655
6732.17;34.481007
6732.79;42.060413
6733.4;38.45319
6734.01;40.600204
6734.63;42.311291
6735.24;48.320545
6735.86;49.489754
6736.47;33.369003
6737.09;35.708439
6737.7;45.743374
6738.32;44.405483
6738.93;42.673313
6739.54;49.11021
6740.16;53.085171
6740.77;50.333168
6741.39;45.909008
6742;44.143307
6742.62;50.827209
6743.23;49.536369
6743.85;33.740372
6744.46;32.869514
6745.07;49.060364
6745.69;47.459549
6746.3;33.746483
6746.92;39.563435
6747.53;50.448593
6748.15;39.840034
6748.76;47.934727
6749.38;50.206928
6749.99;51.447601
6750.6;50.307091
6751.22;44.038525
6751.83;40.966236
6752.45;43.7864
6753.06;47.695816
6753.68;47.388165
6754.29;51.561264
6754.91;52.539539
6755.52;46.094456
6756.13;44.934124
6756.75;40.196232
6757.36;31.194153
6757.98;33.252251
6758.59;41.803436
6759.21;39.234089
6759.82;30.801216
6760.43;35.8396
6761.05;37.358406
6761.66;50.480576
6762.28;50.130352
6762.89;43.274147
6763.51;44.463814
6764.12;42.246143
6764.74;50.531147
6765.35;45.913025
6765.96;32.874001
6766.58;39.065361
6767.19;47.718647
6767.81;37.496704
6768.42;34.999817
6769.04;36.003902
6769.65;35.022827
6770.27;36.242672
6770.88;33.315819
6771.49;30.68618
6772.11;35.070969
6772.72;34.681541
6773.34;45.831482
6773.95;41.328182
6774.57;33.892765
6775.18;26.753643
6775.8;30.81822
6776.41;48.840729
6777.02;30.863823
6777.64;41.08577
6778.25;58.103588
6778.87;49.726383
6779.48;43.557884
6780.1;54.285271
6780.71;46.051357
6781.33;28.470392
6781.94;37.319962
6782.55;37.86058
6783.17;46.697556
6783.78;56.997852
6784.4;46.023426
6785.01;41.962074
6785.63;43.992367
6786.24;53.144989
6786.85;48.791298
6787.47;45.103897
6788.08;41.55592
6788.7;31.229008
6789.31;35.130375
6789.93;38.589302
6790.54;42.738007
6791.16;51.376732
6791.77;52.769032
6792.38;42.941536
6793;37.083359
6793.61;44.252609
6794.23;48.646564
6794.84;37.149513
6795.46;28.466852
6796.07;39.296341
6796.69;46.054798
6797.3;38.574341
6797.91;43.169418
6798.53;43.98011
6799.14;45.838512
6799.76;49.98848
6800.37;46.506435
6800.99;38.313404
6801.6;36.073078
6802.22;40.506599
6802.83;46.193344
6803.44;38.823311
6804.06;43.52248
6804.67;46.736519
6805.29;40.163231
6805.9;34.832981
6806.52;39.588409
6807.13;55.88979
6807.75;42.980919
6808.36;40.05484
6808.97;46.368557
6809.59;39.643764
6810.2;31.673098
6810.82;40.789764
6811.43;46.067966
6812.05;32.273174
6812.66;35.168648
6813.27;34.617981
6813.89;35.576992
6814.5;33.031696
6815.12;23.091721
6815.73;37.944092
6816.35;49.585835
6816.96;34.515892
6817.58;44.543346
6818.19;48.318878
6818.8;39.007347
6819.42;40.07708
6820.03;37.604233
6820.65;35.933403
6821.26;39.064781
6821.88;36.683411
6822.49;52.423222
6823.11;56.735481
6823.72;40.462444
6824.33;37.271076
6824.95;42.270645
6825.56;45.478664
6826.18;36.50631
6826.79;38.431244
6827.41;48.50322
6828.02;41.93026
6828.64;37.952572
6829.25;47.916046
6829.86;29.08461
6830.48;44.162037
6831.09;47.868454
6831.71;39.039917
6832.32;37.668789
6832.94;35.963112
6833.55;41.416756
6834.17;55.087753
6834.78;22.835991
6835.39;17.43783
6836.01;37.506138
6836.62;34.361351
6837.24;23.33868
6837.85;32.837929
6838.47;42.163879
6839.08;35.758476
6839.7;34.166691
6840.31;31.678801
6840.92;37.493904
6841.54;44.251915
6842.15;44.43494
6842.77;42.516537
6843.38;34.320091
6844;22.091715
6844.61;39.392578
6845.22;39.077744
6845.84;34.530903
6846.45;28.784054
6847.07;33.01141
6847.68;46.62714
6848.3;41.987324
6848.91;28.950666
6849.53;31.928371
6850.14;26.693588
6850.75;31.4231
6851.37;35.385468
6851.98;31.430735
6852.6;31.792845
6853.21;36.841019
6853.83;38.964615
6854.44;35.466454
6855.06;46.136169
6855.67;42.733467
6856.28;27.047173
6856.9;30.519756
6857.51;41.965382
6858.13;37.662712
6858.74;35.784817
6859.36;22.881182
6859.97;26.577528
6860.59;45.975628
6861.2;41.240742
6861.81;27.031931
6862.43;36.221077
6863.04;42.155613
6863.66;26.901455
6864.27;39.935158
6864.89;39.229519
6865.5;23.234426
6866.12;27.474974
6866.73;34.738701
6867.34;26.913193
6867.96;24.768246
6868.57;27.627161
6869.19;20.891987
6869.8;29.355495
6870.42;15.386087
6871.03;24.324749
6871.64;28.725218
6872.26;15.698076
6872.87;20.697256
6873.49;28.074106
6874.1;24.999559
6874.72;30.16358
6875.33;22.9114
6875.95;34.623306
6876.56;37.341904
6877.17;31.530558
6877.79;29.550787
6878.4;20.027771
6879.02;21.13345
6879.63;27.713104
6880.25;47.70813
6880.86;30.59901
6881.48;31.450066
6882.09;32.078373
6882.7;27.905909
6883.32;40.197433
6883.93;36.849159
6884.55;36.006706
6885.16;23.643621
6885.78;30.359425
6886.39;39.873665
6887.01;31.908979
6887.62;22.123928
6888.23;24.926022
6888.85;34.353752
6889.46;37.196384
6890.08;21.377609
6890.69;25.007717
6891.31;24.734798
6891.92;26.05064
6892.54;32.387337
6893.15;24.791378
6893.76;16.838587
6894.38;31.740009
6894.99;38.89249
6895.61;29.803688
6896.22;25.911766
6896.84;34.208664
6897.45;28.664143
6898.06;27.994017
6898.68;32.2812
6899.29;19.937374
6899.91;15.088706
6900.52;29.196161
6901.14;29.228254
6901.75;30.795023
6902.37;35.466858
6902.98;30.12694
6903.59;34.528172
6904.21;37.151268
6904.82;27.52467
6905.44;29.315969
6906.05;19.967916
6906.67;26.045259
6907.28;30.606808
6907.9;32.308529
6908.51;34.572205
6909.12;40.565258
6909.74;34.051552
6910.35;21.565025
6910.97;31.283218
6911.58;34.999542
6912.2;31.815912
6912.81;23.340965
6913.43;22.916561
6914.04;33.154961
6914.65;26.897245
6915.27;25.791691
6915.88;37.645817
6916.5;27.588131
6917.11;35.178337
6917.73;36.609241
6918.34;28.61574
6918.96;32.920429
6919.57;38.224834
6920.18;30.336262
6920.8;32.984921
6921.41;46.888599
6922.03;38.43581
6922.64;22.513811
6923.26;22.082762
6923.87;37.555805
6924.48;32.614567
6925.1;21.874359
6925.71;26.790945
6926.33;30.132929
6926.94;25.318592
6927.56;24.327549
6928.17;24.753683
6928.79;36.989452
6929.4;25.406553
6930.01;29.342457
6930.63;37.957825
6931.24;26.775015
6931.86;23.779396
6932.47;31.637243
6933.09;27.349123
6933.7;30.894325
6934.32;35.018517
6934.93;24.145061
6935.54;34.203846
6936.16;30.558256
6936.77;30.656796
6937.39;23.528513
6938;21.169117
6938.62;35.701416
6939.23;31.298117
6939.85;27.650023
6940.46;21.669044
6941.07;33.967461
6941.69;26.516163
6942.3;17.76412
6942.92;24.115475
6943.53;36.823013
6944.15;35.123196
6944.76;26.751753
6945.38;36.147404
6945.99;28.065069
6946.6;28.40633
6947.22;29.669922
6947.83;12.309455
6948.45;22.361416
6949.06;37.777088
6949.68;30.100842
6950.29;20.213507
6950.9;17.938158
6951.52;30.867302
6952.13;41.747154
6952.75;40.070011
6953.36;33.271301
6953.98;25.854214
6954.59;28.368738
6955.21;38.898067
6955.82;31.284451
6956.43;24.097582
6957.05;40.712914
6957.66;22.831856
6958.28;29.148842
6958.89;29.446804
6959.51;23.86071
6960.12;33.175179
6960.74;26.648178
6961.35;19.229519
6961.96;28.692883
6962.58;29.62219
6963.19;35.57975
6963.81;38.023479
6964.42;35.716534
6965.04;42.01321
6965.65;39.274578
6966.27;26.682877
6966.88;27.132723
6967.49;32.343769
6968.11;31.79022
6968.72;33.277142
6969.34;29.259117
6969.95;36.07188
6970.57;26.526123
6971.18;32.532127
6971.8;22.779438
6972.41;20.391855
6973.02;29.350002
6973.64;29.246483
6974.25;26.235052
6974.87;26.51442
6975.48;31.201504
6976.1;32.962925
6976.71;34.337234
6977.32;38.511948
6977.94;30.878544
6978.55;26.346624
6979.17;35.390377
6979.78;39.448017
6980.4;39.783978
6981.01;40.975227
6981.63;16.214308
6982.24;12.8188
6982.85;35.46109
6983.47;33.657135
6984.08;26.340359
6984.7;29.890421
6985.31;32.114559
6985.93;35.51717
6986.54;35.64962
6987.16;24.768332
6987.77;32.15263
6988.38;31.319983
6989;28.987778
6989.61;29.292467
6990.23;21.643898
6990.84;25.051849
6991.46;35.38625
6992.07;37.586239
6992.69;37.601467
6993.3;33.228909
6993.91;27.944477
6994.53;26.307268
6995.14;21.476954
6995.76;24.030428
6996.37;34.232677
6996.99;32.62849
6997.6;32.686714
6998.22;33.187237
6998.83;23.407663
6999.44;25.735769
7000.06;19.9795
7000.67;25.200405
7001.29;30.799255
7001.9;27.867245
7002.52;18.634914
7003.13;27.826946
7003.74;32.924187
7004.36;30.43354
7004.97;36.936787
7005.59;26.782919
7006.2;30.978045
7006.82;20.504005
7007.43;25.631771
7008.05;25.337893
7008.66;24.436962
7009.27;27.84881
7009.89;29.352369
7010.5;30.852924
7011.12;33.285664
7011.73;34.243938
7012.35;34.99461
7012.96;29.817547
7013.58;38.377499
7014.19;38.269253
7014.8;32.593067
7015.42;29.229891
7016.03;24.784569
7016.65;26.115364
7017.26;35.672031
7017.88;33.881329
7018.49;22.021118
7019.11;28.080906
7019.72;30.087446
7020.33;24.346861
7020.95;28.155176
7021.56;26.979816
7022.18;25.935909
7022.79;24.643143
7023.41;13.665279
7024.02;21.686157
7024.64;25.898394
7025.25;31.52375
7025.86;19.767826
7026.48;23.357544
7027.09;28.369764
7027.71;25.740675
7028.32;27.488386
7028.94;28.01193
7029.55;22.06547
7030.16;22.39506
7030.78;27.948404
7031.39;24.723562
7032.01;22.300459
7032.62;27.166813
7033.24;24.904655
7033.85;21.584902
7034.47;23.754683
7035.08;25.836855
7035.69;29.688282
7036.31;29.651405
7036.92;22.160065
7037.54;25.734568
7038.15;32.20158
7038.77;32.034073
7039.38;25.447374
7040;17.288145
7040.61;25.769299
7041.22;39.605709
7041.84;30.894291
7042.45;27.872854
7043.07;24.027267
7043.68;25.645584
7044.3;16.925993
7044.91;18.767176
7045.53;30.261133
7046.14;25.840622
7046.75;17.617546
7047.37;19.195694
7047.98;16.790205
7048.6;24.98698
7049.21;12.752282
7049.83;32.717075
7050.44;35.007122
7051.06;27.007429
7051.67;24.814295
7052.28;21.375254
7052.9;22.670717
7053.51;25.066854
7054.13;15.541005
7054.74;17.664888
7055.36;27.57151
7055.97;33.575455
7056.58;32.296303
7057.2;21.274567
7057.81;21.318939
7058.43;24.315777
7059.04;23.626993
7059.66;33.356152
7060.27;18.86492
7060.89;25.249832
7061.5;25.424578
7062.11;19.762733
7062.73;30.204475
7063.34;29.361185
7063.96;23.697157
7064.57;29.738768
7065.19;26.122946
7065.8;25.27408
7066.42;29.11071
7067.03;21.039833
7067.64;20.474718
7068.26;20.015921
7068.87;23.060305
7069.49;29.539879
7070.1;23.816563
7070.72;21.950691
7071.33;37.11256
7071.95;26.029629
7072.56;31.463356
7073.17;27.68191
7073.79;24.124817
7074.4;18.718405
7075.02;19.629732
7075.63;24.40151
7076.25;17.375603
7076.86;13.836752
7077.48;23.036001
7078.09;17.262421
7078.7;21.883549
7079.32;21.777073
7079.93;22.528252
7080.55;24.028639
7081.16;25.175953
7081.78;24.561417
7082.39;23.281536
7083;34.037048
7083.62;23.980255
7084.23;21.900387
7084.85;35.028687
7085.46;30.650661
7086.08;20.359312
7086.69;20.508692
7087.31;26.771711
7087.92;28.180222
7088.53;13.981278
7089.15;23.926126
7089.76;11.684129
7090.38;18.459677
7090.99;23.116337
7091.61;21.657314
7092.22;27.115364
7092.84;24.854416
7093.45;20.960432
7094.06;30.984404
7094.68;20.384722
7095.29;29.532604
7095.91;29.709454
7096.52;21.757145
7097.14;29.10774
7097.75;30.759897
7098.37;24.543472
7098.98;30.756033
7099.59;10.08931
7100.21;24.74675
7100.82;15.646948
7101.44;20.930759
7102.05;27.370056
7102.67;22.968208
7103.28;22.506655
7103.9;22.680628
7104.51;28.165506
7105.12;27.267
7105.74;24.278526
7106.35;24.546509
7106.97;25.048145
7107.58;22.226597
7108.2;29.317219
7108.81;40.621559
7109.42;31.700001
7110.04;25.916552
7110.65;32.461346
7111.27;19.74544
7111.88;22.525286
7112.5;29.768595
7113.11;21.326778
7113.73;22.577581
7114.34;35.154633
7114.95;26.948748
7115.57;31.645241
7116.18;26.807505
7116.8;17.428774
7117.41;17.537716
7118.03;20.872345
7118.64;21.203554
7119.26;20.508379
7119.87;19.134903
7120.48;25.670799
7121.1;23.721302
7121.71;24.210812
7122.33;28.624989
7122.94;26.960928
7123.56;21.93911
7124.17;20.754227
7124.79;18.941906
7125.4;18.066751
7126.01;18.221655
7126.63;23.004633
7127.24;21.999428
7127.86;20.626575
7128.47;23.351784
7129.09;24.615652
7129.7;26.92326
7130.32;18.633627
7130.93;21.269026
7131.54;31.12022
7132.16;30.839247
7132.77;22.692078
7133.39;18.370121
7134;20.758087
7134.62;26.944038
7135.23;24.130993
7135.84;18.002417
7136.46;17.795559
7137.07;23.117928
7137.69;28.941612
7138.3;29.154512
7138.92;25.017908
7139.53;27.276237
7140.15;19.093845
7140.76;22.94162
7141.37;34.114967
7141.99;28.334635
7142.6;22.697948
7143.22;30.424875
7143.83;17.140877
7144.45;24.496212
7145.06;33.761192
7145.68;25.758492
7146.29;24.482342
7146.9;25.560644
7147.52;16.898949
7148.13;23.055773
7148.75;18.735973
7149.36;17.598835
7149.98;23.891422
7150.59;25.199511
7151.21;17.799026
7151.82;16.19973
7152.43;27.502829
7153.05;30.654139
7153.66;21.388536
7154.28;23.077639
7154.89;23.113438
7155.51;25.200825
7156.12;26.295839
7156.74;12.101501
7157.35;27.205816
7157.96;18.880196
7158.58;18.91366
7159.19;20.951237
7159.81;23.234518
7160.42;32.594406
7161.04;26.720119
7161.65;20.533751
7162.27;18.223789
7162.88;18.018791
7163.49;21.050755
7164.11;20.527514
7164.72;17.389759
7165.34;23.965729
7165.95;22.951487
7166.57;17.767334
7167.18;17.707701
7167.79;10.610655
7168.41;11.079304
7169.02;27.046434
7169.64;15.262693
7170.25;25.483862
7170.87;24.952585
7171.48;22.972757
7172.1;21.178659
7172.71;15.530161
7173.32;25.10218
7173.94;26.052643